"Algonquin Gas Transmission, LLC"
Alliance Pipeline L.P.
ANR Pipeline Company
ANR Storage Company
"Arlington Storage Company, LLC"
"BBT (AlaTenn), LLC"
"BBT (Midla), LLC"
"Big Sandy Pipeline, LLC"
Bison Pipeline LLC
Blue Lake Gas Storage Company
"Bluewater Gas Storage, LLC"
Bobcat Storage
"Caledonia Energy Partners, LLC"
"Cameron Interstate Pipeline, LLC"
"Chandeleur Pipe Line, LLC"
"Cheniere Creole Trail Pipeline, L.P."
"Cheyenne Plains Gas Pipeline Company, LLC"
"Cimarron River Pipeline, LLC"
"Colorado Interstate Gas Company, L.L.C."
"Columbia Gas Transmission, LLC"
"Columbia Gulf Transmission, LLC"
Crossroads Pipeline Company
Dauphin Island Gathering Partners
"Destin Pipeline Company, L.L.C."
Discovery Gas Transmission LLC
"Dominion Energy Carolina Gas Transmission, LLC"
"Dominion Energy Cove Point LNG, LP"
"East Tennessee Natural Gas, LLC"
"Eastern Gas Transmission and Storage, Inc"
Eastern Shore Natural Gas Company
Egan Hub Storage LLC
"El Paso Natural Gas Company, L.L.C."
"Elba Express Company, L.L.C."
"Empire Pipeline, Inc."
"Enable Gas Transmission, LLC"
"Enable Mississippi River Transmission, LLC"
"Equitrans, L.P."
"ETC Tiger Pipeline, LLC"
Fayetteville Express Pipeline LLC
"Florida Gas Transmission Company, LLC"
Freebird Gas Storage LLC
"Garden Banks Gas Pipeline, LLC"
Gas Transmission Northwest LLC
Golden Pass Pipeline LLC
"Granite State Gas Transmission, Inc."
Great Lakes Gas Transmission Limited Partnership
"Guardian Pipeline, L.L.C."
"Gulf South Pipeline Company, LP"
"Gulfstream Natural Gas System, L.L.C."
"Hardy Storage Company, LLC"
Honeoye Storage Corporation
"Iroquois Gas Transmission System, L.P."
Kern River Gas Transmission Company
Kinder Morgan Illinois Pipeline LLC
Kinder Morgan Louisiana Pipeline LLC
"Kinetica Partners, LLC"
"KPC Pipeline, LLC"
"Maritimes & Northeast Pipeline, L.L.C."
Midwestern Gas Transmission Company
"MIGC, LLC"
"Millennium Pipeline Company, LLC"
"Mississippi Canyon Gas Pipeline, LLC"
"Mississippi Hub, LLC"
MoGas Pipeline LLC
"Mojave Pipeline Company, L.L.C."
"MountainWest Overthrust Pipeline, LLC"
"MountainWest Pipeline, LLC"
National Fuel Gas Supply Corporation
"Nautilus Pipeline Company, L.L.C."
Nexus
"North Baja Pipeline, LLC"
Northern Border Pipeline Company
Northern Natural Gas Company
Northwest Pipeline LLC
"OkTex Pipeline Company, L.L.C."
"Ozark Gas Transmission, L.L.C."
Paiute Pipeline Company
"Panhandle Eastern Pipe Line Company, LP"
"Pine Needle LNG Company, L.L.C."
"Pine Prairie Energy Center, LLC"
"Portland Natural Gas Transmission System, LP"
Questar Southern Trails Pipeline Company
Rager Mountain Storage Company LLC
Rockies Express Pipeline LLC
Rover Pipeline LLC
"Ruby Pipeline, LLC"
"Sabal Trail Transmission, LLC"
Sabine Pipe Line LLC
Saltville Gas Storage Company LLC
"Sea Robin Pipeline Company, LLC"
"SG Resources Mississippi, LLC"
Sierrita Gas Pipeline LLC
"Southeast Supply Header, LLC."
"Southern Natural Gas Company, L.L.C."
"Southern Star Central Gas Pipeline, Inc."
Southwest Gas Storage Company
Spire Storage West LLC
"Stagecoach Pipeline and Storage Company, LLC"
"Steckman Ridge, LP"
"Stingray Pipeline Company, L.L.C."
Tallgrass Interstate Gas Transmission LLC
"Tennessee Gas Pipeline Company, L.L.C."
"Texas Eastern Transmission, LP"
"Texas Gas Transmission, LLC"
Trailblazer Pipeline Company LLC
Trans-Union Interstate Pipeline LP
TransColorado Gas Transmission Company LLC
"Transcontinental Gas Pipe Line Company, LLC"
"Transwestern Pipeline Company, LLC"
"Trunkline Gas Company, LLC"
Tuscarora Gas Transmission Company
Vector Pipeline L.P.
Viking Gas Transmission Company
"WBI Energy Transmission, Inc."
White River Hub LLC
"WTG Hugoton, L.P."
"Wyoming Interstate Company, L.L.C."
"Young Gas Storage Company, Ltd."